Factor,ChurnRate
Two Year Contract,2.831858407079646
One Year Contract,11.269517990495586
Has Online Security,14.611193660227837
Has Tech Support,15.166340508806261
DSL Internet,18.95910780669145
Non-Senior Citizen,23.606168446026096
No Tech Support,41.63547365390153
Senior Citizen,41.68126094570928
No Online Security,41.76672384219554
Fiber Optic Internet,41.89276485788114
Month-to-Month Contract,42.70967741935484
Electronic Check Payment,45.28541226215645
